year,month,average_temp
2012,January,9.814516129032258
2012,February,10.277241379310345
2012,March,9.024516129032257
2012,April,3.582
2012,May,2.1816129032258065
2012,June,-0.05166666666666664
2012,July,-0.7406451612903227
2012,August,1.5341935483870968
2012,September,4.490333333333334
2012,October,5.139354838709677
2012,November,8.740666666666668
2012,December,11.781290322580643
2013,January,9.598064516129034
2013,February,10.365357142857144
2013,March,6.820967741935483
2013,April,4.128666666666667
2013,May,1.2403225806451614
2013,June,-1.0503333333333333
2013,July,0.37
2013,August,0.9770967741935483
2013,September,2.4463333333333335
2013,October,5.2212903225806455
2013,November,7.685333333333333
2013,December,11.404193548387095
2014,January,11.021290322580645
2014,February,9.277857142857144
2014,March,5.841935483870968
2014,April,4.225
2014,May,0.4038709677419355
2014,June,-1.3760000000000001
2014,July,-1.2148387096774196
2014,August,1.5458064516129033
2014,September,2.51
2014,October,8.000967741935485
2014,November,7.422
2014,December,10.018387096774193
2015,January,11.15709677419355
2015,February,9.898928571428572
2015,March,8.688709677419356
2015,April,4.842
2015,May,1.2754838709677419
2015,June,1.0763333333333334
2015,July,-1.3425806451612903
2015,August,0.4332258064516129
2015,September,2.5016666666666665
2015,October,4.898064516129033
2015,November,5.3983333333333325
2015,December,9.462258064516128
2016,January,11.375806451612902
2016,February,11.551034482758622
2016,March,7.740967741935484
2016,April,4.071
2016,May,0.6964516129032258
2016,June,-2.108
2016,July,-0.95
2016,August,1.1887096774193548
2016,September,4.7203333333333335
2016,October,4.76516129032258
2016,November,7.338333333333334
2016,December,9.866129032258065
2017,January,11.168709677419356
2017,February,8.8325
2017,March,8.209354838709677
2017,April,2.183666666666667
2017,May,0.09290322580645163
2017,June,-0.44933333333333336
2017,July,1.0141935483870967
2017,August,0.627741935483871
2017,September,3.2180000000000004
2017,October,4.298064516129033
2017,November,7.934
2017,December,10.651290322580644
2018,January,9.779032258064515
2018,February,9.031428571428572
2018,March,7.5441935483870965
2018,April,6.582666666666666
2018,May,2.0509677419354837
2018,June,-0.9716666666666668
2018,July,-0.022258064516129043
2018,August,1.2377419354838708
2018,September,3.9733333333333336
2018,October,6.086129032258064
2018,November,9.278333333333334
2018,December,10.11483870967742
2019,January,10.692903225806452
2019,February,9.825714285714286
2019,March,7.790322580645161
2019,April,4.464666666666667
2019,May,1.1193548387096772
2019,June,1.264
2019,July,0.6499999999999999
2019,August,2.419032258064516
2019,September,3.848
2019,October,6.416129032258064
2019,November,10.296333333333333
2019,December,10.781290322580647
2020,January,10.567741935483872
2020,February,11.286896551724137
2020,March,9.595161290322581
2020,April,5.751
2020,May,3.1283870967741936
2020,June,-0.1406666666666667
2020,July,-0.19064516129032258
2020,August,0.797741935483871
2020,September,3.6599999999999997
2020,October,7.844838709677419
2020,November,8.520666666666667
2020,December,10.685806451612903
2021,January,9.65516129032258
2021,February,9.418928571428571
2021,March,7.499677419354839
2021,April,4.568
2021,May,1.3867741935483873
2021,June,-0.9466666666666667
2021,July,0.3732258064516129
2021,August,0.8258064516129032
2021,September,3.820666666666667
2021,October,5.2219354838709675
2021,November,8.633333333333333
2021,December,11.031290322580647
